iteration,loss,delay,jitter,md5_hash,ttc
0,1,20,0,cc83be85db391e9396e1427b3e124968,65.61593341827393
1,1,20,0,cc83be85db391e9396e1427b3e124968,66.61528325080872
2,1,20,0,cc83be85db391e9396e1427b3e124968,66.07336902618408
3,1,20,0,cc83be85db391e9396e1427b3e124968,65.2333447933197
4,1,20,0,cc83be85db391e9396e1427b3e124968,66.414874792099
0,2,20,0,cc83be85db391e9396e1427b3e124968,68.5060977935791
1,2,20,0,cc83be85db391e9396e1427b3e124968,71.17127227783203
2,2,20,0,cc83be85db391e9396e1427b3e124968,71.00222134590149
3,2,20,0,cc83be85db391e9396e1427b3e124968,72.72985792160034
4,2,20,0,cc83be85db391e9396e1427b3e124968,71.0795385837555
0,3,20,0,cc83be85db391e9396e1427b3e124968,74.5346941947937
1,3,20,0,cc83be85db391e9396e1427b3e124968,73.20804119110107
2,3,20,0,cc83be85db391e9396e1427b3e124968,74.09816861152649
3,3,20,0,cc83be85db391e9396e1427b3e124968,74.79721593856812
4,3,20,0,cc83be85db391e9396e1427b3e124968,73.73332190513611
0,4,20,0,cc83be85db391e9396e1427b3e124968,75.3964011669159
1,4,20,0,cc83be85db391e9396e1427b3e124968,75.39262080192566
2,4,20,0,cc83be85db391e9396e1427b3e124968,76.2206220626831
3,4,20,0,cc83be85db391e9396e1427b3e124968,75.37610054016113
4,4,20,0,cc83be85db391e9396e1427b3e124968,76.01387405395508
0,5,20,0,cc83be85db391e9396e1427b3e124968,78.1347382068634
1,5,20,0,cc83be85db391e9396e1427b3e124968,78.95325231552124
2,5,20,0,cc83be85db391e9396e1427b3e124968,77.77343916893005
3,5,20,0,cc83be85db391e9396e1427b3e124968,78.41443634033203
4,5,20,0,cc83be85db391e9396e1427b3e124968,77.02846789360046
